Fraternity(s),Sorority,Occasion,Date,Time,Location,Message
Kappa Alpha,Alpha Phi,Bowling Green Football Game,Tomorrow,Dawn,House,The Jackets are back at Bobby Dodd Stadium TOMORROW 🔥🏈and you know what that means…🤝many many drinks 🍹🍺 and groovy music 🕺 at the KAPPA ALPHA HOUSE 🤑🤑 tomorrow at dawn. Come for an unforgettable tailgate to prepare for the JACKETS 🐝to send bowling 🎳 green🟢 home with a fat L 🥱 see you all tomorrow 😍
Kappa Alpha,Alpha Phi,Kappalina Wine Night,Thursday,Sunday,House,"Good evening sweet ladies of Alpha Phi, If you didn’t already know 🤑, we are hosting our Kappalina Wine Night this Thursday🍷. We would be delighted to see all of your gorgeous faces starting at sundown 🌅 for an unforgettable night 😍 see you there 😘"
Kappa Alpha,Alpha Phi,SC State Football Game,Tomorrow,10am,House,"Hellooooo Ladiessssss of Alpha Phi 😘😍😍, It’s almost time 🕰 for our first football game at Bobby Dodd tomorrow 🏈 and we can’t wait to cheer on the JACKETS against sc state 🤮🤡 We are having a tailgate 😜 at the KA house tomorrow starting at 10am and we would love for you all to join🤑 There will be many many potent drinks 🍹 and groovy music 🎶🕺💃. You know what they say: the early bird gets the beer 🍻. See you all tomorrow and go JACKETS 🐝🐝🐝🐝🐝😩😩"
Kappa Alpha,Alpha Phi,Joint Tailgate Football Game,Friday,2:45pm,House,"Good evening enchanting ladies of Alpha Phi, Although wet weekend💦 may be behind us, we wanna keep it drenched this Friday at our joint tailgate with a few other fraternities before Brent Key🔑 and the boys🐝 shut Bootyville down in the Benz🤑. Busses are leaving from outside of our house at 2:45pm and 3:15pm, so make sure to get here to hop on those to have the time of your life. If you made the wrong choice and decided not to block with us, you can just grab your wristband  and head over to KA. See y’all Friday. Go Jackets 🔥🏈🐝"
Phi Sig,Alpha Phi,UGA Game,Gameday,4pm,825 Techwood Dr ,"Ladies🙋‍♀️💃🙆‍♀️ of APHI😍🙈, IT’S TIME ⏰⏲️⌛️ FOR THE BIGGEST 😲👆GAME 🏈🏟️ OF THE YEAR🗓️📆 and the brothers🧑🧍of Phi Sig 🔛🔝🙉 are ready to SEND ✉️📪THOSE INBRED🤢🤮 DOGS 🐶🐕🐾 INTO THE GRAVE ☠️🪦 WHERE THEY BELONG 🐝🐝🐝! Come🏃‍♀️💨 to the house (825 Techwood Dr 🏡🏠) on game-day 🏈 at 4pm 🕓⌚️ to enjoy MAI-TAIS 🍷🍹, MIMOSAS 🥂🍸, and a SHARED HATE 😡🤬 FOR THOSE 1200 SAT 🤓😵‍💫 BRAINDEAD 🚫🧠 GOOD-FOR-NOTHING 🙅‍♀️🙅 FAKE ❌ ENGINEERS 👷👷‍♀️! ROLL DAMN BEES 🐝🐝🐝🐝🐝🐝🐝🐝🐝🐝🐝!"
Phi Sig,Alpha Phi,Drinking Through Ages,Friday,10pm,825 Techwood Dr ,"🎃HAPPY HALLOWEEN👻 and Good morning 🙋‍♂️to the stunning ladies 👸 of APHI 🫶 Ever think 🤔 you were born 👶 into the wrong generation⁉️ If so, the brothers of PHI SIG present 🍹Drinking Through The Ages 🕰️ Enjoy lava shots 🌋 from the Caveman Times 🦴, Fine Wine 🍷 with the Ancient Romans 🏛️, Oil shots ⛽️in the Industrial Revolution🏭🏗️ , Moscow Mules 🍸 🇷🇺 and Long Island Iced Teas 🥃🇺🇸 through the 🥶Cold War🧊, Spiked Sunny-D🍊☀️in Y2K 🌐, and MUCH🔊 MORE ‼️ Travel through time this👇FRIDAY (11/3)🗓️ from 🔟➡️2️⃣ at 825 Techwood Dr 🏡and have the TIME⌚️of your LIFE🎉"
Phi Sig,Alpha Phi,Football Game,Gameday,4pm,825 Techwood Dr ,"Greetings 👋🙋 to the extraordinary 🤩🙈🙉 ladies of APHI 😍🤪!! Homecoming 🏠 is right✅ around the corner 🔜™️, and the brothers 👦🧑of Phi Sig 🔛🔝🙌  are READY 🫡 to BALL OUT 🏀🏈! Come 🏃‍♀️💨 to the house (825 Techwood Drive) 🏡🏠 on gameday 🏈🏟️ at 4pm ⏱️⌚️⏳ and indulge 🍽️ in MAI TAIS 🍹🥂, DIRTY SHIRLEYS 🍸🍾, FOOD 🍔🌭, and SO MUCH MORE 🌟🙈! See 👀👁️ you 🫵 there!"
Phi Sig,Alpha Phi,Parents Weekend Football Game,Gameday,9am,825 Techwood Dr ,"Good morning 🌞☀️ to the fantastic ladies 💃🙆‍♀️🧘‍♀️ of APHI 🤩✨! Mom and Pops 👩👨 are IN TOWN 🏘️🏢 THIS WEEKEND 🗓️🗓️, and the brothers 🧑🧍 of Phi Sig 💪👊 are bringing in ALL THE GENERATIONS 👶👦🧑👨🧓 ON GAMEDAY 🗓️ at 9 am ⏱️⌚️! Come enjoy MAI TEIS 🍹🥂, MEMOSAS 🍸, FOOTBALL🏈, BURGERS 🍔, HOT DOGS 🌭, and so much more 📈📈! We’ll see👀👁️ you🫵 at Phi Sig (825 Techwood Drive NW 🏡🏠) on gameday 📆! ROLL DAMN BEES 🐝🐝🐝🐝🐝🐝!"
Phi Sig,Alpha Phi,Football Game,Gameday,9:45am,825 Techwood Dr ,"Buenos Dias🌻☀️ to the extravagant ladies👸 of APHI👋🤗😍! Football is back🏈 and Tech🐝🐝 fumbled the bag🙅‍♀️🙅‍♀️🧳 last week🗓️, but the brothers of Phi Sig 🙌💪 won’t let this L❌🙅‍♂️ hold us down👇⬇️📉! Come chill🥶☃️ with us on Game-Day🐝🏈 at 9️⃣:4️⃣5️⃣ as we prepare🔔 for the action🏃🏽‍♂️💨 with MAI-TAIS🍹🥂, FOOD 🍔🌭 and SO MUCH MORE🙌🙈🥳! We’ll see👀👁️ you at Phi Sig (825 Techwood Dr 🏡🏠) on Game-Day🐝🏈!"
"Phi Sigma Kappa, Delta Chi, AEPi",Alpha Phi,Joint Tailgate at Mercedes Benz,Gameday,"3:30, 4:00, 4:30",825 Techwood Dr ,"Hey you gorgeous ladies👸 of APHI😍🥰! Phi Sigma Kappa💪, Delta Chi🔥, and Alpha Epsilon Pi⚡️are hosting our FIRST 1️⃣ EVER joint tailgate 🍻at the Mercedes Benz Stadium 🏟️ for this week’s Louisville  game ‼️Come for the football 🏈 but stick around for the JELLO SHOTS 🥃🥮, MAI TAIS🍹, and FOOD🌭🍔 Lets start the season🍁 with a BANG💥 Come to Phi Sig (825 Techwood Dr 🏠💁‍♂️) for the buses 🚌 at 3:30, 4:00, or 4:30! ⏰ Go jackets and go y'all! 🐝💙💛"
Phi Sig,Alpha Phi,Phi-Land Escape,Friday,10:00-2:00pm,Phi Sig,"Good afternoon🙋‍♀️🙋‍♂️ to the lovely ladies👸 of APHI👋 After a BORING 😴💤 syllabus week📚 and STRESSFUL recruitment 👯‍♀️🤝 we are all in need of an ESCAPE‼️🏃‍♀️ Luckily, this Friday from 🔟➡️2️⃣ the brothers of Phi Sig present PHI-Land Escape🏝️🍹🏖️ Enjoy music 🎶🎤, dancing 💃🏻🕺🏻, a photo booth 📸, and drinks 🍻🍾 to party the night away 🎉🪩 See👀 you there 🌺🍍🌴"
Alpha Tau Omega,Alpha Phi,Thanksgiving,Thanksgiving,Thanksgiving,Thanksgiving,"Good evening🌃 to the splendid✨ sisters👯‍♀️ of Alpha Phi. The brothers🧍🏼‍♂️ of Alpha Tau Omega😎 would like to wish🧞‍♂️ everyone a wonderful Thanksgiving🦃🍁. Enjoy spending time⏰⏳ with your families 👨‍👩‍👧‍👦🏡, a great Thanksgiving meal🍗🥘 , and reflecting🪞 on what has been an awesome 🤩 year‼️ We can’t wait to see 👀 you back on campus🏫 next week (and hopefully 🙏 for the game 🏈)"
Alpha Tau Omega,Alpha Phi,Alpha Tau Omega Shot Party,Tonight,10:00pm,House,"Good afternoon ☀️and a spooktacular 🕸️Halloweekend🎃 to the lovely 🧡ladies of Alpha Phi!🤩There's no better start👇 to the spookiest 👻weekend of the year 🌙than at Alpha Tau Omega’s infamous🎉 shot party! 🥳🥳Starting at 10:00 tonight🎇, prepare to prowl🐺 the halls of the haunted 👻ATO manor 🏯and enjoy the themed rooms and eerie-sistable🙀potion shots🧪! Make sure to hold on to your broomsticks 🧙‍♀️because you don’t 🚫want to miss this ghastly good time!🕷️🕸️ When⏰: Tonight at 10:00 PM Where🗺️: The Alpha Taulloween Ωmega Manor🏯 Theme❓: Your best costume‼️"
Alpha Tau Omega,Alpha Phi,High Class Party,Tonight,9:30pm,House,"Good morning🌃 to the 👑Hallowqueens👑 of Alpha Phi. In honor of the 👻spookiest🎃 night🌙 of the year, the brothers👬 of Alpha Tau Omega😎 have a spooky👽 surprise🎉 for you🫵! Tonight we are hosting our TAUlloween 🥂high class🍾 party🎊 and we would love😍 to see you🫵 there! Make sure to bring your friends👯‍♀️ as we can’t❌ wait⌚️ to see👀 your incredible costumes🧙‍♀️🧛‍♀️🧝‍♀️! When⏰: Tonight at 9:30pm
Where🗺️: The Alpha Tau Ωmega Manor🏯 Theme❓: Your best costume‼️"
Alpha Tau Omega,Alpha Phi,Tropical Party,Friday,10:30pm,House,"Aloha🤗 to the ✨sensational✨ sirens🧜‍♀️ of Alpha Phi, the parrotheads🦜 🏴‍☠️at Alpha Tau Omega have a tropical🌺 treat that will make your Friday night ✨shine✨ brighter than the Caribbean🌴 sun☀️. Pack your leis🌸, grab your shades😎, and set sail⛵️ to Margaritaville🏝 for an epic luau🎉! This party🥳 might not start until 10:30🌃 but it's 5 o'clock🏖 somewhere! So honor🫡Jimmy Buffett👑 in a fashion he'd approve😄 with a night 🌠of tropical 🥥tunes 🎶and mouthwatering😋 margaritas🍹 that'll make your taste buds😝 do the hula👯‍♀️! We can't promise any cheeseburgers🍔 but we know you'll be in paradise🌅 as you dance💃 the night🌟 away with the Taus!"
Alpha Tau Omega,Alpha Phi,First Floor Party,Friday,10pm,House,Greetings🤗 to the ✨glamorous✨gals 🤩 of Alpha Phi‼️ We at Alpha Tau Omega😎 can't🙅‍♂️think🤔 of a better way for you 🫵 to spend this👇 Friday night 💫 than galavanting 💃 over with your favorite😁 NON cup ❌🥤to the Mojo Dojo CasATO house 🏠💪 for a good ole fashioned🙌 first floor party🔥🥳 ‼️ Starting at 10pm⏰ prepare for a night of fun tunes 🤘and delectable drinks🍹😋but NO cups 🚫☕️so be sure come prepared🤠 with ANYTHING🪣 but 🏺a 🥡cup🥥🧪 🚱 We would love💗 to see you🫵 all there‼️😃
Alpha Tau Omega,Alpha Phi,Wet Weekend,"Friday, Saturday","10pm, noon",House,"Hello👋 to the lovely ladies 💁‍♀️ of Alpha Phi‼️ Alpha Tau Omega hopes you 🫵 had a wonderful week of welcome 🤗,  phenomenal first days of class 🤓🗓️, and are ready to spend campus’s annual Wet Weekend💦🌊 to kick🦵off our 2023 Fall Semester 🍂 at the one and only Alpha Tau Omega🎉 starting Friday night at 10pm and again on Saturday starting @ Noon ☀️!! The brothers 👨‍👩‍👦‍👦 of ATΩ invite you 🫵 to join us on the front lawn 🏡 to celebrate 🎉 with the biggest water slide🛝💦 on campus accompanied by DJ Back2Back ✌️🎧 and his banging tunes 💥😎!! There’s no ❌ better place for you lovely ladies 👯‍♀️ to party 🎉 than with the Taus this Friday at 10pm and at Noon ☀️ on Saturday❗️(Buzz Cards required for entry)"
DU,General,Thanksgiving,Thanksgiving,Thanksgiving,154 5th street,"Gobble gobble! 🦃 Happy Thursday and aren’t you 🫵 glad you’re not a Turkey 🇹🇷 on this Thanksgiving day 🦃 ! We have so much to be thankful for this year and we would like to wish you and your families a wonderful Thanksgiving 🧡🍂🧡! Although we can’t celebrate together at 154 5th street, we know you will make it shine ✨ wherever you celebrate! We hope you enjoy this time with your friends and family back home and we can’t wait to see all of you after break! Yours truly, The Family men of DU"
DU,General,Karaoke night,Veterans Day,night,House,Ladies❤️ you've done🫱🫲 this dance💃 before but😶‍🌫️ have you sang it🧐 It's karaoke🙊 night ladies🎤 Do you have PTSD?🌋 post traumatic💂‍♂️ shitty🤮 date nights? from all😤 those bland bars🛌🛌🛌 and🥶 awkward pledges🤢 Then this will be a fun💯💯💯 night for you veterans🫡We'll have🤹 karaoke🎤 flavorful drinks🍻🍾🍷 and world class😵 singers waiting for you🫵 at DU!!!!🦅🇺🇲🦅🦅So come on🌠 down this veterans day🪖 to relive🦭 the glory days😎
DU,General,DU Oktoberfest,Friday,10pm,House,It’s time 🕰️ to grab those schnitzels 🍗 and pretzels  🥨 and polka dance 💃🏻 🕺🏻 your way over 🏃‍♀️🏃‍♀️💨➡️ to at DU Oktoberfest 🏠🇩🇪🍻!! It’s gonna be a pitcher-🍺 perfect 🤩 night! This Friday night 🌃⬇️from 🔟 to 2️⃣ come join the ✨fine✨ men of DU in their lederhosen’s 🤤 🥵 👖 and the pledges 🥹 👶🏻🤱in their dirndls 👗! Come on over 👍 and drink 🍺 and dance 🪩 the night away with us 👬👭 ! I mean who needs a wiesen (🫵) to party 🎊 🎉 🤷🏻‍♂️ ?? 
Phi Delt,Alpha Phi,Glow Party,Tonight,10pm,House,"To the beautiful sisters of ✳️ALPHA PHI✳️,


The brothers of 🔵Phi Delt ⚪️ would like to invite you 🤩🤩 to our annual glow party! ✨🌔🪐

Y’all are always glowing 🌟🍬🌟but get ready to shine ☀️ bright like a diamond 💎, because tonight’s going to be glow-tastic! 🤯🪩🌔

It’s 10 o’clock ⏰ somewhere (at Phi Delt) TONIGHT📍"
Phi Delt,Alpha Phi,Homecoming Game,Tonight,5pm,House,"o the WONDERFUL ladies of ALPHA PHI💙💙

The PC of 23’ 👀👀 would like to invite you😱😱 to the PHI DELT TAILGATE tonight 🌙🎃🏈🏈

Make sure you do it right for the big HOMECOMING GAME 🐏🐏🆚🐝🐝

Doors open at 
5PM⏳⏰⏱️

Come listen to LIVE MUSIC 🎸🎸🎸
And eat the best BBQ 🍗🍗🍗

We hope to see you there!!!

❤️Your Phi Delt Boys❤️ (PC’23)"
Phi Delt,Alpha Phi,Football Game,Today,1pm,House,"♥️🤍GOOOD MORNING to the PHInominal ladies of PC’23🤍♥️

The Pledge Class of ‘23 😝😝 would like to invite YOU 👀 TODAY‼️‼️  to the Phi Delt tailgate  🚨😳

We start 🏃‍♂️🏃‍♂️💨💨 pregame 🏓🏓 at 1 PM 🕐🕐at the house 🏡 and then have buses 🚍📍leaving for the stadium at:
2:45 🔒
3:30 🔒
4:15 🔒
5:00 🔒

Get ready to: 
Ride🤠 a state of the art mechanical bull 🤖🐂
Have some delicious 😋 food 🍗 and refreshments 🥤
Listen to live music 🎸🎶🎶

Looking at some great weather today ⛅️⛅️ no reason for cold phit 🤭! 

🤍♥️Yours truly,♥️🤍
🏛️The boys of PC’23🏛️"
Phi Delta Theta,Alpha Phi,Wet Weekend,Tomorrow,11pm,House,"♥️🤍To the PHInominal ladies of PC’23🤍♥️

CONGRATULATIONS on running home to the Ivy League 🌿‼️ Our pledge class is so excited to meet y’all 💕💖🥳

⏰‼️TOMORROW at 11 AM 🚨🔔 the new pledge class of Phi Delta Theta (us) formally invites YOU to join us for our first official WET WEEKEND💦🌊

On deck for y’all to enjoy tomorrow:
✅ 30 foot waterslide
✅ FOUR THOUSAND of Phi Delt’s famous CAPRI SUNS 🧃🍹🥭🌺😳🤯
✅ State of the art FOAM PIT 🌊🫧🥳👯‍♀️
✅ The largest POOL in the state of Georgia (4.5 million gallons) 🏊‍♂️🏖️

We’re Philing good about this one … can’t wait to see you there 🥳🌊☀️

🤍♥️Yours truly,♥️🤍
🏛️The boys of PC’23🏛️"
Pike,Alpha Phi,Pickleball tournament,Sunday,12PM,House,"Good afternoon phestive APhis ❤️‍🔥🌇 and hope y’all had an amazing 🤩🔥 Homecoming Weekend ✨🏈 Pike is organizing a Pickleball tournament 🏟️ 🏓 on Sunday at 12pm🕛‼️ the winning team will earn tickets to an Atlanta Hawks Basketball game 🦅🏀⛹️‍♂️ so sign up and if you can’t play, come support your friends on Sunday ‼️🏆🗣️
-Pike 💌"
Pike,Alpha Phi,Piketoberfest,Thursday,10pm,House,"Now 🚨what you’ve 😙all been 🍾waiting 😆for 🎃, As the sun🌞 sets 🌇and the full moon 🌕 rises 🌃this thrilling😱 Thursday, Spooky 👻 season 🍁 is officially ✍️upon us 🥳🍂your favorites 🥰 at Pike💫 have something 😳special 🍫brewing 🔮in the cauldron 🧙👻On oct 27th 🗓️from 10pm - 2 ✨show up 🕯️and show out ☄️ with your 🤡most spellbinding 🪄costumes 🧛‍♂️for the best halloween 🎃☠️function 🎊of the year⛓️ Piketoberfest🍾🪅👹🏚️⚰️ We’ll have DJ Wildphyre 🎶🎹coming on at 10 🕙and DJ freeze 🥶 🤘🎧 later🌝

-pike pc23🥳"
Pike,Alpha Phi,Boston College Game,Weekend,9am,House,"Dear phantastic APhis 😘🔥,

We got 2️⃣ updates‼️for y’all😍today

First 🙌we can’t wait🤪 to see 🙈yall for our tailgate🍾🪩 this weekend 📅as we get our 4️⃣th W🏆of the season 🏈🏟️against Boston 🥶🤧College🤢🤮. We’re🤩 gonna be getting started 🎬bright🔆 and early🌅 at 9am 🕘 in the brisk🧣🧤air 🏙️. At 10 🕙we’ll bring out 🍽️some tasty breakfast egg McMuffins 🍳〽️, hashbrowns 🥔, and fresh fruit 🍓🍌 from chef ⏲️ivory 👨🏾‍🍳as always 🥱well have all 🥹the bevs🍸 you could wish 🙏for including our famous 🏅manmosas 🍑🍊🍾and hard 🤪coffee☕️🥃along with the usual cans🍻🧃🥤🫗. We’ll also have wrist bands 🎟️🤗 for blocking 🧱 behind our bar 🔞as usual 🥳."
Pike,Alpha Phi,Bowling Green Football Game,Saturday,Noon,House,"Dear Amazing APhis🥰🫶,

Once again😩 we are excited 😆 to hang 🤙 w y’all 💸this Saturday 📅 when we take on 🏈Bowling  🎳 green 🤢🤮 down ⬇️at the flats 🏟️🫓 At Noon 🕛 slide 🛝to the pike 🙌house🏠🚪 to have some fun 🤩 in the sun 🌞 Food 🍽️ (Ivory’s 👨🏾‍🍳 famous BBQ🍖🐑) will be out 🫦 with once again 🥳the manmosas 🍑🍊🍾and hard coffee ☕️ 🥃 for a pick-me-up 🤪 And ofc we will also 🙀  have all the canned bevs 🥤🧃🍻you could wish for🙏✅ to refresh yourselves🍾😎 on this hot 🥵🔥☀️ game day.🏈🏟️🙌🏆🎖️

Same 🗣️as last 👀week 😜 if you’re blocking 🧱w us 🎉🎊pu to our bar 🍷inside to pick up 😇your wrist band 🎟️🤗so you can sit 🪑w us at the game 🫶🙏🙌 BUT if you aren’t 🙃blocking 👎there still shouldn’t be any issues🫣🤫😉🤑

Lets make 🪄this a lit 🔥 crazy 🤪movie 🎥 

-pike pc💌"
Pike,Alpha Phi,SC State Football Game,Gameday,9am,House,"Hola 👋 phenominal A Phis 🧸,

We hope 🙏 that y’all had a phantastic 🤩 time ⏰ at our phancy mixer 🌹🍸 we loved getting to know 🤝 your pc 2️⃣3️⃣‼️

We are looking 👀 phorwards ➡️ to linking ⛓️ with y’all phun phis 🎉on Saturday‼️ Our 1️⃣st home-game 🏡 tailgate 🏈‼️ of the year vs SadC State 👎😢 will start bright 🔆 and early 🌅 at 9️⃣am 🕘 We’ll have some food 😋🍗🍔 out at 10:30am and (phinally🤤) our phamous manmosas 🍊🍑🍾 hard coffee 🤞☕️ as well as other 🍻 refreshing drink amenities 😉🍹 as a reminder, you do NOT ❌🙅‍♀️ need to be blocking 🧱with us to sit 🪑 with us during the game 🏟️ so come with us anyway ‼️

If you ARE ✅ blocking 🧱with us 🫶, you can get your wrist band tickets 🎟️ at the tailgate ‼️‼️‼️

🤩 Can’t wait to see y’all !!💘

-Pike PC 🫶"
Pike,Alpha Phi,Mercedes Benz Game,Friday,"2:45, 3:15",House,"Dear amazing Alpha Phis 🥰,

If you are blocking 🧱 with Pike🍾 for the Friday game 🏈 when you check your email 📧 to get the tickets 🎟️ make sure to pick section 117 🗣️ (or as close as you can get😬).

For our joint 🤞tailgate 🎉, be at pike house 🏡 by either 2:45 or 3:15 to get a spot on our bus 🚌 to Mercedes Benz. Phiesta 🎊 starts at 3:00pm with an opener band 🎸, and our headliner Vegabonds 🤘👨‍🎤 at 4:30. Lots of drinks (those manmosas 🍊🍑 y’all tried on sat) and food trucks 🛻 🌮🍔 will be ready‼️ 

If you can’t make one of our 2️⃣ bus 🚌 rounds, the adddess of the tailgate is 432 Beckwith Ct, Atlanta GA, 30313 🅰️.

We hope you’ll join 🪷 us hand in hand 🤚,
Pike PC🫶"
Kappa Sigma,Alpha Phi,Christmas Shot Party,Friday,10pm,House,"🎄 Xmas Shots Fiesta: Friday, 10 PM! 🥂

Hey, Alpha Phi
The most wonderful time of the year just got even better! 🎅 Join us, Kappa Sigma, for an epic Christmas Shot Party this Friday at 10 PM. 🎉🍸🍹🍻🍸🍹🍻
'Tis the season to be jolly, and what better way to spread some holiday cheer than with a Christmas Shot Party! 🎅🎉

Hope to see yall there!!"
Kappa Sigma,Alpha Phi,Halloween Monster Mash Party,Tomorrow,9pm,House,"Hey there, fabulous ladies of Alpha Phi,

We hope this message finds you all in great spirits as Halloween season approaches. 🎃👻

The brothers of Kappa Sigma would like to extend a spooky and special invitation to you for our upcoming Halloween Monster Mash Pit Party! We've been hard at work preparing for a night of fun, and we'd be thrilled to have you join us tomorrow starting at 9PM. Dont forget to bring your best halloween costume!! 

Sincerely,
the Kappa Sigma Fraternity"
Kappa Sigma,Alpha Phi,Ultimate Shot Party,Tonight,10pm,House,"Whats up ladies, 
Get ready to kick off the semester in style because Kappa Sigma is throwing the ultimate SHOT PARTY, and you're invited to join in on the fun!
Tonight at 10PM!🎉🎉🎉

🥃 Shots, shots, and more shots! We've got all your favorite flavors lined up to keep the party going all night long.🥃 
We've got an exclusive lineup of shots that will blow your mind! 

See you there, and let's get this party started! 🎊🔥
Cheers, Kappa Sigma."
Kappa Sigma,Alpha Phi,Jimmy Buffett Party,Friday,10pm,House,"""Escape to Margaritaville"" - You're Invited to Kappa Sigma's Jimmy Buffett Party! 🌴🍹

Whats up ladies,

Are you ready for some tropical vibes, because Kappa Sigma is hosting the ultimate Jimmy Buffett Party, and you're invited!🏖️🏖️

Get ready to escape to Margaritaville, where the 🍹🍹drinks are always cold🍹🍹, the music is always playing, and the good times never end. It's a night of fun that you won't want to miss!🏝️ 🏝️ Feel free to bring your friends along and spread the word!
THIS FRIDAY AT 10PM

Don't miss out on the opportunity to kick back, relax, and party the night away with Kappa Sigma! We can't wait to see you in Margaritaville!

Sincerely,
Kappa Sigma"
SAE,Alpha Phi,Jungle Party with Rich the Kid,Tomorrow,Night,House,"To the Rambunctious 👩‍🎤 and Rave-Ready 🐲Rockstars of Alpha Phi, clear your calendars for this upcoming Friday…

🦦🦧JUNGLE PARTY 🐊🦍 IS BACK🗣️🗣️🥹🥹 Get ready to throw down with RICH THE KID, Bounce with BACK2BACK, and Rave 🍾 with our very own Rohan Gonsalves!! 

The Brothers of SAE have transformed our lovely mansion 🏠into the most tropical, 🏖️most most exotic, 🤺most beautiful 🫵🫵Jungle that Georgia Tech has ever seen, all for your enjoyment❤️😘

You don’t want to miss this one, the Jungle Welcomes you with open arms🫡🫡"
Sigma Alpha Epsilon,Alpha Phi,Neon Mixer,Tonight,8:30pm,Hhouse,"Greetings 👋 👽 to the Gorgeous and Gracious Girls of Alpha Phi! Get ready to glow 💡and glisten 🌟 with the brothers of Sigma Alpha Epsilon!

Wear your brightest neon boots 🍏🍊🍋🌸👟👠and most radiant jackets 🐝🧥because the brothers would love to formally invite you to the most anticipated mixer of the century - NEON MIXER !🧑‍🎤🗣️🗣️

Hold onto your glow sticks 🦧because the brothers are prepared to knock you off your feet with our drippy fits 👖💦, mind-boggling trivia🤔💭, and tasty refreshments🌊! We cant wait to see you tonight at 8:30 🫶"
Fiji,Alpha Phi,Halloween Party,Friday,9pm,House,"Hey lovely ladies of✨Alpha Phi✨,

🎃Halloweekend🎃is starting early🌛Friday night🌟 at FIJI at our annual Halloween👻party🎉starting at 9 pm. We can’t wait😁to see what👯‍♀️spooky costumes👩‍🎤you ladies👩‍🍳have cooked up💗. We’re going all out🍻with ours🍾 so come 🥳ready to match the 🎉energy! Can’t💜 wait to see💫you ladies🦸‍♀️ there!!!"
Fiji,Alpha Phi,Hurricane Party,Friday,10pm,House,"Hey lovely ladies of ✨Alpha Phi✨,

Get ready for a night of electrifying⚡️ fun because Fiji's Hurricane🌪️Party is here🥳, and you're cordially invited!

📅 Date: This Friday
⏰ Time: 10:00 PM
🏠 Location: Fiji House

To make sure you don't miss out on this unforgettable night🤩, there are two ways you can secure your spot:

1. Give this message a quick like👍 by tonight.
2. Reach out📞 to any of our awesome brothers, and they'll make sure you're on the list.

Bring your energy💃, friends👯, and let's dance🕺the night away! But don’t forget your ‼️ID‼️(they will be checking at the door 😞)

Get ready for a Hurricane🌪️ of a good time!"
Beta,Alpha Phi,Beta Jersey Jam,Tuesday,8:30pm,House,"Hey there Alpha Phi’s, 

Prepare yourselves for the jerseylicious event of the year! 🏈🏀 The Beta’s are inviting YOU to… drumroll 🥁… Beta Jersey Jam‼️  

In honor of tech 💛🤍 ABSOLUTELY DESTROYING MIAMI (def not a close game) dress in your finest jerseys, support your favorite teams (not UGA ❌❤️🖤 - bonus points for Tech ✅💛🤍), and get ready to sing some Beta-karaoke 🎶 on Tuesday the 17th @8:30🥳‼️

We are SO HYPE for this Beta-Phi event 🤩😎 and with Halloween around the corner and a bright future for the mathlete football team there’s too much to celebrate 🍾🎉. 

Show up, show out, and let’s sing loud 
💙Beta"
TKE,Alpha Phi,Wet Weekend,Saturday,12pm,House,"To all the fabulous ✨ and stunning 🤩 sisters 👯‍♀️ of APhi we cordially invite you from TKE PC’23 2️⃣3️⃣

As the stars🌟🌠 twinkle on our much-anticipated wet💦🥂 weekend, we're rolling out the red carpet🔴 for you! Rejoice🙌 and toast🍾 to the grand reintroduction of alcohol🍷🍻 to our esteemed campus 🏫 . Rally at our fraternal abode 🏡 on Friday the 25th of August in the glorious year of our Lord ✝️Two-Thousand and Twenty-Three, right when the clock strikes🕰️ the tenth hour of the night🌜(10pm Friday). Get ready for a night brimming with magic✨ and memories📸. The legendary DJ Jxhnny🎶🔥💯, is set to spin tracks🎧 that will have us grooving🕺💃 and celebrating the semester in unmatched style 💅. We will have flowing beer 🧊 🍺 and a variety of seltzers  🍾 to quench our collective thirst. 

As we carry on to the next day 🫡, I hope 🤞 to see y’all down our fantastic water slide 🛝 💦 🤩 on Saturday at 12pm. See you under the sunny sky 🌞 and in the pool🏊‍♂️💦💧Cheers🥂🎉!"
TKE,Alpha Phi,Thanksgiving,Thanksgiving,Thanksgiving,Thanksgiving,"Happy Thanksgiving, To our favorite Aphi sisters! 🦃🍁🥳👭 From all of us at TKE, we hope your day is filled with love ❤️, fun 🤩 and gratitude🙏. Feel the holiday warmth with pumpkin spice and everything nice. 🎃☕️🍂 May your gathering be bountiful and your spirits as high as the autumn sky! 🌅🍁💫 Let's be thankful for the past, celebrate the present, and raise a toast to future adventures. 🥂🍾🎉 Embrace the feast, cherish the fun, and share the love that connects us all. 🍽️🥧🍰👯‍♀️💖 Here's to a day full of blessings and night full of stars, just like our unbreakable bond. 🌟✨🌙 #ThanksgivingSpirit #SharedBlessings 🦃🎊🍇🍏🌽🥔🥐🍞🧀🍖🍗🍯🍪🍩🧁🍫🍬🍭🥧🧁🎈🍁🥳🤎🧡💛"
TKE,Alpha Phi,Rave extraveaganza,Friday,10pm,House,"To all the fabulous ✨ and stunning 🤩 sisters 👯‍♀️ of APhi, TKE PC'23 2️⃣3️⃣ cordially 💌 invites you to the ultimate rave extravaganza 🎉 this season! Mark those calendars 🗓️ for Friday the 13th of October 📅 at 10pm 🕙!

Our frat palace 🏰 will transform into a neon wonderland 🌈💫, pumping out beats by the one and only DJ Jxhnny 🎧🎶🔥💯.

Dress to impress 😎💃🕺 in your rave-best, and get ready for a night full of high-energy vibes 🌟 and electrifying 🌩️ tunes.

We've got unlimited beverages 🥤🍹 to keep you refreshed and hydrated 💦 as you light up the dance floor 💃🕺🌟.

Can't wait to rave the night away with you! 🎉🔊

Cheers 🥂,"